Country,ISO3Code,UNICEF_Region,Survey_Year,Severe_Wasting_Percentage,Lower_Bound,Upper_Bound
Afghanistan,AFG,SA,2013,3.983989,3.47013,4.570339
Afghanistan,AFG,SA,2018,1.563857,1.32163,1.849647
Albania,ALB,EECA,2000,6.18312,4.530028,8.386466
Albania,ALB,EECA,2005,3.675108,2.531434,5.307348
Albania,ALB,EECA,2009,5.9349,4.195184,8.33331
Albania,ALB,EECA,2017,0.5371997,0.3099633,0.9294717
Algeria,DZA,MENA,1992,3.036845,2.419551,3.805486
Algeria,DZA,MENA,2000,1.127726,0.7732807,1.641949
Algeria,DZA,MENA,2002,5.029907,4.206985,6.003711
Algeria,DZA,MENA,2006,1.738528,1.490192,2.027396
Algeria,DZA,MENA,2012,1.376121,1.153681,1.640736
Algeria,DZA,MENA,2019,1.276183,1.049577,1.550947
Angola,AGO,ESA,1996,1.840076,1.270992,2.657108
Angola,AGO,ESA,2015,1.093515,0.8454424,1.41334
Armenia,ARM,EECA,2000,0.7440387,0.376711,1.46428
Armenia,ARM,EECA,2005,2.615024,1.642056,4.140236
Armenia,ARM,EECA,2010,1.991695,1.235261,3.196352
Armenia,ARM,EECA,2016,1.745353,1.134141,2.67704
Azerbaijan,AZE,EECA,2000,4.145078,3.146601,5.442585
Azerbaijan,AZE,EECA,2006,2.207671,1.420274,3.41647
Azerbaijan,AZE,EECA,2013,1.114803,0.7113277,1.743118
Bangladesh,BGD,SA,1997,6.820731,6.059702,7.669534
Bangladesh,BGD,SA,2000,2.482027,2.120489,2.903378
Bangladesh,BGD,SA,2004,3.514953,2.941926,4.194771
Bangladesh,BGD,SA,2007,2.903101,2.348256,3.584234
Bangladesh,BGD,SA,2011,4.138694,3.521407,4.858739
Bangladesh,BGD,SA,2013,1.630799,1.432786,1.855662
Bangladesh,BGD,SA,2014,3.225469,2.642102,3.93244
Bangladesh,BGD,SA,2018,1.460275,1.187874,1.794008
Bangladesh,BGD,SA,2019,2.256169,2.035063,2.500684
Barbados,BRB,LAC,2012,1.97697,0.9394979,4.112544
Belarus,BLR,EECA,2005,0.6458208,0.3526379,1.179869
Belgium,BEL,WE,2014,0.0,0.0,0.0
Belize,BLZ,LAC,2006,0.8490006,0.3192294,2.238203
Belize,BLZ,LAC,2011,1.209293,0.7152491,2.037585
Belize,BLZ,LAC,2015,0.5173267,0.2874234,0.92941
Benin,BEN,WCA,2001,3.141392,2.722682,3.622096
Benin,BEN,WCA,2008,1.112537,0.7957641,1.553435
Benin,BEN,WCA,2014,0.8729585,0.6847606,1.112301
Benin,BEN,WCA,2018,1.051463,0.8739555,1.264565
Bhutan,BTN,SA,1999,0.7687166,0.3652016,1.610871
Bhutan,BTN,SA,2008,1.359587,0.7225894,2.543742
Bhutan,BTN,SA,2010,2.045702,1.661498,2.516474
Bolivia (Plurinational State of),BOL,LAC,1998,0.7425324,0.5453048,1.010369
Bolivia (Plurinational State of),BOL,LAC,2003,0.6490368,0.4908119,0.8578293
Bolivia (Plurinational State of),BOL,LAC,2008,0.4840464,0.329129,0.7113615
Bolivia (Plurinational State of),BOL,LAC,2012,0.483235,0.3164939,0.7371721
Bolivia (Plurinational State of),BOL,LAC,2016,0.89877,0.6083562,1.32597
Bosnia and Herzegovina,BIH,EECA,2000,3.486095,2.761229,4.392653
Bosnia and Herzegovina,BIH,EECA,2006,1.489887,0.9516243,2.325457
Bosnia and Herzegovina,BIH,EECA,2012,1.564066,0.804436,3.019182
Botswana,BWA,ESA,2000,2.723758,2.164012,3.423221
Botswana,BWA,ESA,2007,3.011778,2.384763,3.797239
Brazil,BRA,LAC,1989,0.9235132,0.6167832,1.380663
Brazil,BRA,LAC,1996,0.9763669,0.6781884,1.403792
Brazil,BRA,LAC,2007,0.384367,0.1980357,0.7447088
Bulgaria,BGR,EECA,2007,1.095779,0.7523076,1.593547
Burkina Faso,BFA,WCA,1993,5.883357,5.19131,6.661176
Burkina Faso,BFA,WCA,1999,5.563136,4.8461,6.379152
Burkina Faso,BFA,WCA,2009,2.7,2.4,3.2
Burkina Faso,BFA,WCA,2010,5.905125,5.13091,6.787805
Burkina Faso,BFA,WCA,2011,2.181744,1.974319,2.410425
Burkina Faso,BFA,WCA,2012,1.83747,1.57856,2.137923
Burkina Faso,BFA,WCA,2013,1.588612,1.28851,1.957223
Burkina Faso,BFA,WCA,2014,1.719725,1.442349,2.049333
Burkina Faso,BFA,WCA,2015,2.069455,1.830949,2.338289
Burkina Faso,BFA,WCA,2016,1.351989,1.1063,1.651328
Burkina Faso,BFA,WCA,2017,1.949873,1.46783,2.586066
Burkina Faso,BFA,WCA,2018,1.661255,1.45126,1.90105
Burkina Faso,BFA,WCA,2019,1.022729,0.8485844,1.232168
Burundi,BDI,ESA,2000,1.556568,1.079949,2.238774
Burundi,BDI,ESA,2010,1.408481,1.054133,1.87968
Burundi,BDI,ESA,2016,0.9139165,0.6907949,1.208228
Burundi,BDI,ESA,2018,0.8270798,0.7015616,0.9748343
Burundi,BDI,ESA,2019,0.9760603,0.8160527,1.167072
Cambodia,KHM,EAP,2000,7.541332,6.462499,8.783351
Cambodia,KHM,EAP,2005,1.757717,1.31158,2.351994
Cambodia,KHM,EAP,2008,1.867136,1.54267,2.258281
Cambodia,KHM,EAP,2010,2.737892,2.101507,3.559982
Cambodia,KHM,EAP,2014,2.471027,1.940165,3.142487
Cameroon,CMR,WCA,1991,1.102378,0.7069296,1.715216
Cameroon,CMR,WCA,2004,2.288791,1.752911,2.983518
Cameroon,CMR,WCA,2006,2.632726,2.04404,3.385095
Cameroon,CMR,WCA,2011,1.955913,1.58713,2.408288
Cameroon,CMR,WCA,2014,1.312122,0.9788603,1.756833
Cameroon,CMR,WCA,2018,1.588774,1.172802,2.149075
Central African Republic,CAF,WCA,2000,4.668901,3.968371,5.486032
Central African Republic,CAF,WCA,2006,4.991115,4.19818,5.924555
Central African Republic,CAF,WCA,2010,1.862016,1.528363,2.26683
Central African Republic,CAF,WCA,2012,1.577712,1.345326,1.849488
Central African Republic,CAF,WCA,2014,1.291365,1.054819,1.580111
Central African Republic,CAF,WCA,2018,1.567053,1.369219,1.792952
Central African Republic,CAF,WCA,2019,0.9235908,0.7238083,1.177862
Chad,TCD,WCA,1997,6.073629,5.423296,6.796342
Chad,TCD,WCA,2000,4.161491,3.457693,5.001123
Chad,TCD,WCA,2004,6.533334,5.516358,7.722471
Chad,TCD,WCA,2010,6.325449,5.41318,7.379465
Chad,TCD,WCA,2015,4.40512,3.825815,5.067521
Chad,TCD,WCA,2017,3.642916,3.290995,4.030901
Chad,TCD,WCA,2018,4.0,3.5,4.5
Chad,TCD,WCA,2019,2.639053,2.303838,3.021535
Chad,TCD,WCA,2019,4.500041,4.124787,4.907687
Colombia,COL,LAC,1995,0.5477282,0.3316787,0.9032333
Colombia,COL,LAC,2000,0.3559307,0.2065661,0.6126354
Colombia,COL,LAC,2005,0.425089,0.3116176,0.5796393
Colombia,COL,LAC,2010,0.165279,0.105007,0.2600559
Colombia,COL,LAC,2016,0.403398,0.2752184,0.5909219
Comoros,COM,ESA,2000,7.20215,5.819741,8.881966
Comoros,COM,ESA,2012,4.476391,3.647287,5.483242
Congo,COG,WCA,2005,3.013232,2.325994,3.895422
Congo,COG,WCA,2011,1.665729,1.229662,2.252908
Congo,COG,WCA,2014,2.647626,2.04111,3.428062
Costa Rica,CRI,LAC,2018,0.1457842,0.0492872,0.4303941
Cuba,CUB,LAC,2019,0.6308267,0.3781642,1.05052
Czechia,CZE,WE,2001,1.022582,0.8796462,1.188465
C么te d'Ivoire,CIV,WCA,1986,2.721646,1.970329,3.748495
C么te d'Ivoire,CIV,WCA,1998,1.903141,1.37697,2.625022
C么te d'Ivoire,CIV,WCA,2012,1.789642,1.352501,2.364684
C么te d'Ivoire,CIV,WCA,2016,1.22638,0.9609096,1.564033
Democratic People's Republic of Korea,PRK,EAP,2012,0.6,0.4,0.7
Democratic Republic of the Congo,COD,WCA,2001,6.079433,5.588152,6.610881
Democratic Republic of the Congo,COD,WCA,2007,4.817226,3.786814,6.110214
Democratic Republic of the Congo,COD,WCA,2010,2.79873,2.347095,3.334302
Democratic Republic of the Congo,COD,WCA,2013,2.85991,2.394785,3.412216
Democratic Republic of the Congo,COD,WCA,2017,2.040564,1.651744,2.518568
Djibouti,DJI,ESA,2002,9.583047,7.712033,11.8497
Djibouti,DJI,ESA,2012,9.162076,7.79658,10.73887
Dominican Republic,DOM,LAC,1991,0.6236182,0.3613962,1.074052
Dominican Republic,DOM,LAC,1996,0.612487,0.3907369,0.9588729
Dominican Republic,DOM,LAC,2000,0.5259744,0.2233393,1.233624
Dominican Republic,DOM,LAC,2002,0.7715003,0.5700901,1.043321
Dominican Republic,DOM,LAC,2006,0.3787631,0.2124327,0.6744467
Dominican Republic,DOM,LAC,2007,0.8698713,0.6104963,1.238071
Dominican Republic,DOM,LAC,2013,0.8441584,0.4456907,1.593173
Ecuador,ECU,LAC,1999,0.3928855,0.1669324,0.9218553
Ecuador,ECU,LAC,2004,0.6604524,0.4408456,0.9883702
Ecuador,ECU,LAC,2006,0.4958014,0.3298432,0.7446365
Ecuador,ECU,LAC,2012,0.7079375,0.4860913,1.029984
Ecuador,ECU,LAC,2014,0.5861794,0.4287895,0.8008755
Ecuador,ECU,LAC,2019,1.352765,1.111142,1.646055
Egypt,EGY,MENA,1991,2.274666,1.748589,2.954259
Egypt,EGY,MENA,1992,1.832249,1.5082,2.224349
Egypt,EGY,MENA,1995,2.262833,1.956685,2.615605
Egypt,EGY,MENA,2003,1.806066,1.439417,2.263963
Egypt,EGY,MENA,2005,2.479874,2.168168,2.835093
Egypt,EGY,MENA,2008,3.782813,3.320595,4.306503
Egypt,EGY,MENA,2014,4.782528,4.318386,5.293797
El Salvador,SLV,LAC,1993,0.4881809,0.238669,0.9959362
El Salvador,SLV,LAC,1998,0.4060236,0.2492829,0.6606649
El Salvador,SLV,LAC,2003,0.281799,0.1355355,0.5849784
El Salvador,SLV,LAC,2008,0.4710227,0.2404823,0.9205331
El Salvador,SLV,LAC,2014,0.3795998,0.2449041,0.5879409
Equatorial Guinea,GNQ,WCA,2000,4.248836,3.341746,5.388423
Eritrea,ERI,ESA,2002,4.761782,4.10906,5.512228
Eritrea,ERI,ESA,2010,4.008772,3.490586,4.600217
Estonia,EST,WE,2014,0.0487014,0.0120801,0.1961235
Eswatini,SWZ,ESA,2000,0.7338368,0.4925708,1.09198
Eswatini,SWZ,ESA,2006,1.234305,0.9260015,1.643553
Eswatini,SWZ,ESA,2010,0.3598638,0.1526182,0.8461503
Eswatini,SWZ,ESA,2014,0.3511038,0.1759313,0.6994711
Ethiopia,ETH,ESA,2000,3.821583,3.350046,4.3565
Ethiopia,ETH,ESA,2005,4.674257,3.867913,5.638839
Ethiopia,ETH,ESA,2011,2.874902,2.346248,3.51838
Ethiopia,ETH,ESA,2014,2.676083,2.012689,3.550215
Ethiopia,ETH,ESA,2016,3.014592,2.523849,3.597235
Gabon,GAB,WCA,2000,1.534005,1.133638,2.072805
Gabon,GAB,WCA,2012,1.318805,0.8613023,2.014384
Gambia,GMB,WCA,2000,2.531444,1.87767,3.404952
Gambia,GMB,WCA,2006,1.82729,1.524675,2.188633
Gambia,GMB,WCA,2010,2.062492,1.772403,2.398901
Gambia,GMB,WCA,2012,1.586949,1.301038,1.93446
Gambia,GMB,WCA,2013,4.321917,3.14168,5.918441
Gambia,GMB,WCA,2018,1.028132,0.7799319,1.354239
Gambia,GMB,WCA,2018,1.30553,0.7336205,2.312896
Georgia,GEO,EECA,2005,1.085597,0.621802,1.888757
Georgia,GEO,EECA,2009,0.3207855,0.1560884,0.6581176
Georgia,GEO,EECA,2018,0.0562515,0.0094115,0.335428
Ghana,GHA,WCA,1997,2.223473,1.823248,2.709129
Ghana,GHA,WCA,1998,2.487707,2.004456,3.083797
Ghana,GHA,WCA,2003,2.796349,2.161128,3.61139
Ghana,GHA,WCA,2006,1.776805,1.345004,2.343938
Ghana,GHA,WCA,2008,2.437458,1.890451,3.137681
Ghana,GHA,WCA,2011,1.403978,1.034174,1.903474
Ghana,GHA,WCA,2014,0.7146752,0.4279469,1.191216
Ghana,GHA,WCA,2017,1.13902,0.8228408,1.574762
Greece,GRC,WE,2003,0.0446628,0.0062816,0.3168141
Guatemala,GTM,LAC,1995,1.475598,1.170408,1.858872
Guatemala,GTM,LAC,1999,1.41054,0.836829,2.368182
Guatemala,GTM,LAC,2000,1.630362,1.219774,2.176112
Guatemala,GTM,LAC,2002,0.8421822,0.5847207,1.211626
Guatemala,GTM,LAC,2009,0.1624269,0.0873292,0.3019088
Guatemala,GTM,LAC,2015,0.1414471,0.0710603,0.2813571
Guinea,GIN,WCA,1999,3.983371,3.396231,4.66711
Guinea,GIN,WCA,2005,4.171307,3.3669,5.157642
Guinea,GIN,WCA,2007,2.432979,2.119965,2.790891
Guinea,GIN,WCA,2012,1.085765,0.8627567,1.365623
Guinea,GIN,WCA,2012,4.056599,3.414286,4.813725
Guinea,GIN,WCA,2016,2.944567,2.407599,3.596881
Guinea,GIN,WCA,2018,3.62174,2.907703,4.502989
Guinea-Bissau,GNB,WCA,2000,4.753719,4.20159,5.374334
Guinea-Bissau,GNB,WCA,2010,1.038623,0.7658544,1.407164
Guinea-Bissau,GNB,WCA,2012,0.8974077,0.6326607,1.271524
Guinea-Bissau,GNB,WCA,2014,1.39587,1.07801,1.805744
Guinea-Bissau,GNB,WCA,2019,1.012174,0.7608303,1.345426
Guinea-Bissau,GNB,WCA,2019,1.528791,1.192286,1.958387
Guyana,GUY,LAC,1993,0.9436834,0.4042385,2.187194
Guyana,GUY,LAC,2000,4.306247,3.201204,5.770007
Guyana,GUY,LAC,2006,2.623736,1.895472,3.621479
Guyana,GUY,LAC,2009,1.249785,0.7136015,2.179998
Guyana,GUY,LAC,2014,1.715713,1.307116,2.249125
Haiti,HTI,LAC,1994,3.048067,2.402755,3.859837
Haiti,HTI,LAC,2000,1.505535,1.144053,1.978947
Haiti,HTI,LAC,2006,3.260165,2.508528,4.227251
Haiti,HTI,LAC,2012,1.267289,0.9293851,1.725906
Haiti,HTI,LAC,2017,0.8309318,0.5517117,1.249689
Honduras,HND,LAC,1991,0.4936015,0.3421922,0.7115263
Honduras,HND,LAC,2001,0.1776515,0.0961881,0.3278812
Honduras,HND,LAC,2006,0.3261444,0.2227138,0.4773793
Honduras,HND,LAC,2012,0.2976264,0.2007646,0.441014
India,IND,SA,2006,6.775962,6.43298,7.135839
India,IND,SA,2015,7.669902,7.493339,7.850272
Indonesia,IDN,EAP,2018,3.5,3.3,3.7
Iraq,IRQ,MENA,2000,2.437859,2.087622,2.845147
Iraq,IRQ,MENA,2006,2.73425,2.425195,3.081445
Iraq,IRQ,MENA,2011,2.6665,2.392945,2.970376
Iraq,IRQ,MENA,2018,0.9035228,0.7268845,1.1226
Jamaica,JAM,LAC,1989,0.5945303,0.2563399,1.372756
Jamaica,JAM,LAC,1991,1.150448,0.4350422,3.006778
Jamaica,JAM,LAC,1992,0.2716941,0.0592979,1.235457
Jamaica,JAM,LAC,1994,2.580066,1.111171,5.875373
Jamaica,JAM,LAC,1994,0.9091166,0.4510685,1.823779
Jamaica,JAM,LAC,1995,0.8443168,0.3664491,1.933256
Jamaica,JAM,LAC,1996,0.1242387,0.0179599,0.8540566
Jamaica,JAM,LAC,1997,0.2815563,0.0681874,1.154873
Jamaica,JAM,LAC,1998,0.9478378,0.6024215,1.488343
Jamaica,JAM,LAC,1999,0.8588676,0.3514353,2.083654
Jamaica,JAM,LAC,2000,1.479178,0.7648552,2.841526
Jamaica,JAM,LAC,2001,0.9973108,0.3678282,2.675133
Jamaica,JAM,LAC,2002,0.6611847,0.3545815,1.229633
Jamaica,JAM,LAC,2004,1.091325,0.484042,2.441817
Jamaica,JAM,LAC,2006,0.8575742,0.3167093,2.30079
Jamaica,JAM,LAC,2007,1.184961,0.509815,2.72967
Jamaica,JAM,LAC,2008,0.2728216,0.0838551,0.8838547
Jamaica,JAM,LAC,2010,1.468865,0.6383978,3.343305
Jamaica,JAM,LAC,2012,0.7783605,0.4195007,1.439767
Jamaica,JAM,LAC,2014,0.5278405,0.1291323,2.131326
Jamaica,JAM,LAC,2016,0.4859336,0.1203946,1.939758
Jordan,JOR,MENA,1990,1.489516,1.212142,1.829186
Jordan,JOR,MENA,1997,0.5956476,0.4109438,0.8626498
Jordan,JOR,MENA,2002,0.8254429,0.5090219,1.335918
Jordan,JOR,MENA,2009,0.2321332,0.1233408,0.4364664
Jordan,JOR,MENA,2012,0.6507487,0.3980142,1.062255
Kazakhstan,KAZ,EECA,1999,0.9993095,0.5618507,1.771308
Kazakhstan,KAZ,EECA,2006,2.313183,1.84706,2.893467
Kazakhstan,KAZ,EECA,2010,1.670175,1.26369,2.204494
Kazakhstan,KAZ,EECA,2015,1.053686,0.7695292,1.441246
Kenya,KEN,ESA,1993,2.641941,2.042595,3.411027
Kenya,KEN,ESA,1994,2.386468,1.94883,2.919458
Kenya,KEN,ESA,2000,2.893965,2.377356,3.518789
Kenya,KEN,ESA,2003,2.365374,1.961903,2.849408
Kenya,KEN,ESA,2005,2.385907,1.93326,2.941356
Kenya,KEN,ESA,2008,2.148312,1.69265,2.723239
Kenya,KEN,ESA,2014,0.9886261,0.8170475,1.195801
Kiribati,KIR,EAP,2018,1.302033,0.8666911,1.951744
Kyrgyzstan,KGZ,EECA,2006,1.039279,0.6854362,1.572891
Kyrgyzstan,KGZ,EECA,2009,0.3,0.1,0.7
Kyrgyzstan,KGZ,EECA,2012,1.257931,0.8995276,1.756603
Kyrgyzstan,KGZ,EECA,2014,0.8429903,0.5531615,1.282716
Kyrgyzstan,KGZ,EECA,2018,0.6914238,0.3844733,1.240382
Lao People's Democratic Republic,LAO,EAP,2000,7.488856,5.771984,9.664034
Lao People's Democratic Republic,LAO,EAP,2006,1.652917,1.296286,2.105571
Lao People's Democratic Republic,LAO,EAP,2011,1.398556,1.137118,1.719058
Lao People's Democratic Republic,LAO,EAP,2015,2.361386,2.116118,2.634316
Lao People's Democratic Republic,LAO,EAP,2017,2.962308,2.557402,3.429065
Lebanon,LBN,MENA,1996,1.556555,1.071347,2.256499
Lesotho,LSO,ESA,2004,2.234599,1.614828,3.084778
Lesotho,LSO,ESA,2009,1.531722,1.083563,2.161189
Lesotho,LSO,ESA,2014,0.6062425,0.3604479,1.017936
Lesotho,LSO,ESA,2018,0.7772694,0.4470319,1.348161
Liberia,LBR,WCA,2000,2.150447,1.690903,2.731413
Liberia,LBR,WCA,2007,3.001323,2.388271,3.765671
Liberia,LBR,WCA,2010,0.9684109,0.6768055,1.383906
Liberia,LBR,WCA,2013,2.001601,1.514795,2.640656
Liberia,LBR,WCA,2016,0.6717521,0.2964796,1.514813
Liberia,LBR,WCA,2019,0.5147828,0.3281866,0.8066131
Libya,LBY,MENA,1995,1.510272,1.111066,2.04994
Madagascar,MDG,ESA,1992,1.240748,0.911899,1.686167
Madagascar,MDG,ESA,2004,5.598498,4.606018,6.789611
Madagascar,MDG,ESA,2012,0.9033945,0.6857158,1.189348
Madagascar,MDG,ESA,2018,0.9673469,0.7749383,1.206947
Malawi,MWI,ESA,1992,2.098389,1.587732,2.768666
Malawi,MWI,ESA,1998,4.060984,3.299797,4.9887
Malawi,MWI,ESA,2000,2.85206,2.468882,3.292701
Malawi,MWI,ESA,2002,2.505649,2.046616,3.064418
Malawi,MWI,ESA,2004,3.168216,2.694157,3.722499
Malawi,MWI,ESA,2006,1.531767,1.171352,2.000834
Malawi,MWI,ESA,2010,1.549016,1.134254,2.112205
Malawi,MWI,ESA,2014,1.051426,0.8682282,1.272783
Malawi,MWI,ESA,2015,0.6241529,0.4178714,0.9313126
Malawi,MWI,ESA,2016,1.343658,0.6931094,2.588889
Malawi,MWI,ESA,2016,0.3724109,0.213904,0.647612
Malawi,MWI,ESA,2016,0.5921669,0.3696461,0.9473676
Malawi,MWI,ESA,2017,0.1741077,0.0783989,0.3862057
Malawi,MWI,ESA,2018,0.0564983,0.0158287,0.2014516
Malawi,MWI,ESA,2019,0.1206799,0.0450269,0.3230318
Malaysia,MYS,EAP,2006,4.7,4.1,5.3
Malaysia,MYS,EAP,2015,2.8,2.0,3.9
Malaysia,MYS,EAP,2019,3.6,2.4,5.5
Maldives,MDV,SA,2009,2.679228,2.100198,3.412335
Maldives,MDV,SA,2017,2.009601,1.446005,2.786652
Mali,MLI,WCA,2001,4.239092,3.686643,4.87014
Mali,MLI,WCA,2006,6.125853,5.663353,6.623472
Mali,MLI,WCA,2010,1.900222,1.690809,2.135008
Mali,MLI,WCA,2011,2.128152,1.752493,2.582219
Mali,MLI,WCA,2014,2.992461,2.43942,3.66617
Mali,MLI,WCA,2015,2.913354,2.226925,3.803137
Mali,MLI,WCA,2015,3.359077,2.995449,3.765134
Mali,MLI,WCA,2016,2.16603,1.772251,2.644947
Mali,MLI,WCA,2017,2.549227,2.193279,2.961193
Mali,MLI,WCA,2018,2.139649,1.770626,2.583558
Mali,MLI,WCA,2018,2.563458,2.169697,3.026469
Mali,MLI,WCA,2019,2.032551,1.730638,2.385856
Marshall Islands,MHL,EAP,2017,1.107468,0.5429261,2.245772
Mauritania,MRT,WCA,2000,7.202432,6.138091,8.434745
Mauritania,MRT,WCA,2007,3.815336,3.33722,4.358861
Mauritania,MRT,WCA,2008,1.113061,0.8660285,1.429542
Mauritania,MRT,WCA,2011,4.012527,3.574884,4.501246
Mauritania,MRT,WCA,2012,1.864946,1.547436,2.246118
Mauritania,MRT,WCA,2015,3.494482,3.063127,3.984086
Mauritania,MRT,WCA,2018,2.297224,2.006282,2.629225
Mexico,MEX,LAC,1988,2.101262,1.700714,2.593656
Mexico,MEX,LAC,1998,0.6739124,0.4965401,0.914063
Mexico,MEX,LAC,2006,0.4440497,0.3006356,0.6554276
Mexico,MEX,LAC,2012,0.4166263,0.2555223,0.6786135
Mexico,MEX,LAC,2015,0.3744884,0.1359558,1.027219
Mexico,MEX,LAC,2016,0.2812173,0.1391034,0.5676953
Mexico,MEX,LAC,2019,0.4040506,0.1999002,0.8149893
Mongolia,MNG,EAP,2000,3.020422,2.50262,3.641359
Mongolia,MNG,EAP,2005,1.1275,0.8094293,1.568583
Mongolia,MNG,EAP,2010,0.5414709,0.1679703,1.73109
Mongolia,MNG,EAP,2010,0.6858256,0.3994044,1.175222
Mongolia,MNG,EAP,2013,0.3695921,0.2366331,0.5768259
Mongolia,MNG,EAP,2016,0.3695827,0.153224,0.8887293
Mongolia,MNG,EAP,2018,0.3319459,0.2109179,0.5220581
Montenegro,MNE,EECA,2005,2.152919,1.144658,4.013241
Montenegro,MNE,EECA,2013,1.214732,0.6702194,2.191865
Montenegro,MNE,EECA,2018,0.5449049,0.2345868,1.260534
Morocco,MAR,MENA,1987,1.485884,1.144403,1.927273
Morocco,MAR,MENA,1992,1.114754,0.8055437,1.540812
Morocco,MAR,MENA,1997,2.026089,1.547795,2.64821
Morocco,MAR,MENA,2003,4.985342,4.347369,5.711347
Morocco,MAR,MENA,2011,0.970677,0.6800891,1.383697
Morocco,MAR,MENA,2017,1.075566,0.8213733,1.407307
Mozambique,MOZ,ESA,2001,3.559412,3.051147,4.148721
Mozambique,MOZ,ESA,2003,2.103703,1.710216,2.585342
Mozambique,MOZ,ESA,2008,1.298266,0.9592425,1.754986
Mozambique,MOZ,ESA,2011,2.376646,2.015496,2.80066
Mozambique,MOZ,ESA,2015,1.691825,1.366156,2.09348
Myanmar,MMR,EAP,2000,2.903751,2.392167,3.520795
Myanmar,MMR,EAP,2003,3.652422,2.993082,4.450343
Myanmar,MMR,EAP,2016,1.303075,0.951939,1.781404
Myanmar,MMR,EAP,2018,0.8,0.6,1.1
Namibia,NAM,ESA,1992,3.160683,2.423739,4.112254
Namibia,NAM,ESA,2000,3.00984,2.42394,3.731944
Namibia,NAM,ESA,2007,2.049985,1.674335,2.507768
Namibia,NAM,ESA,2013,2.786712,2.103863,3.682854
Nepal,NPL,SA,1998,1.372993,1.161716,1.622064
Nepal,NPL,SA,2001,2.829803,2.311316,3.46048
Nepal,NPL,SA,2006,2.685263,2.21127,3.257474
Nepal,NPL,SA,2011,2.927353,2.240402,3.816713
Nepal,NPL,SA,2014,3.220468,2.58149,4.011096
Nepal,NPL,SA,2016,2.413652,1.7114,3.394114
Nepal,NPL,SA,2016,1.914206,1.43143,2.555585
Nepal,NPL,SA,2019,2.937001,2.444351,3.525355
Netherlands,NLD,WE,1996,0.1813235,0.1011641,0.3247922
Netherlands,NLD,WE,2009,0.1142976,0.0540498,0.2415398
Nicaragua,NIC,LAC,1993,0.9217877,0.6559348,1.293988
Nicaragua,NIC,LAC,1998,1.464743,1.117885,1.917139
Nicaragua,NIC,LAC,2001,0.8854732,0.6229161,1.257297
Nicaragua,NIC,LAC,2007,0.5083162,0.3340185,0.7728608
Nicaragua,NIC,LAC,2012,0.6957142,0.4500152,1.074112
Niger,NER,WCA,1992,6.652053,5.972305,7.403077
Niger,NER,WCA,2000,6.110438,5.378378,6.934838
Niger,NER,WCA,2006,4.327037,3.553344,5.260005
Niger,NER,WCA,2006,3.134639,2.746194,3.576009
Niger,NER,WCA,2007,2.950139,2.422509,3.588462
Niger,NER,WCA,2008,3.075158,2.480534,3.806759
Niger,NER,WCA,2009,2.325426,1.951968,2.768319
Niger,NER,WCA,2010,2.950991,2.496289,3.485556
Niger,NER,WCA,2010,3.615912,3.042785,4.292213
Niger,NER,WCA,2011,2.241176,1.915003,2.621419
Niger,NER,WCA,2012,6.730999,5.756913,7.856164
Niger,NER,WCA,2012,2.652185,2.257689,3.113418
Niger,NER,WCA,2013,2.490277,2.104775,2.944263
Niger,NER,WCA,2014,2.670097,2.346475,3.036964
Niger,NER,WCA,2015,3.522985,2.821527,4.390953
Niger,NER,WCA,2016,2.098879,1.608823,2.734063
Niger,NER,WCA,2018,2.962224,2.371535,3.694472
Niger,NER,WCA,2019,2.41998,1.874086,3.119828
Nigeria,NGA,WCA,1990,4.436206,3.496586,5.613639
Nigeria,NGA,WCA,2003,4.749526,4.012766,5.613647
Nigeria,NGA,WCA,2011,3.138265,2.825608,3.484278
Nigeria,NGA,WCA,2014,1.806187,1.585942,2.056378
Nigeria,NGA,WCA,2015,1.789902,1.580578,2.026376
Nigeria,NGA,WCA,2016,2.909198,2.619183,3.23026
Nigeria,NGA,WCA,2018,1.378608,1.201191,1.581812
Nigeria,NGA,WCA,2018,1.763767,1.46879,2.116712
Nigeria,NGA,WCA,2020,1.37909,1.18164,1.608997
North Macedonia,MKD,EECA,2005,1.300171,0.5839571,2.869455
North Macedonia,MKD,EECA,2011,0.2335321,0.0688054,0.7895153
North Macedonia,MKD,EECA,2019,0.5323285,0.1871465,1.504584
Oman,OMN,MENA,1999,1.280234,1.019941,1.605878
Oman,OMN,MENA,2017,3.1,2.3,4.2
Pakistan,PAK,SA,1991,4.785882,3.703853,6.163776
Pakistan,PAK,SA,2001,5.811769,5.360612,6.29837
Pakistan,PAK,SA,2011,5.812167,5.43395,6.214979
Pakistan,PAK,SA,2013,3.337001,2.599135,4.275146
Pakistan,PAK,SA,2018,2.426508,1.858282,3.162886
Panama,PAN,LAC,1997,0.2815985,0.1313536,0.6026595
Panama,PAN,LAC,2003,0.443348,0.227092,0.8637582
Panama,PAN,LAC,2008,0.3435877,0.1511065,0.7793398
Papua New Guinea,PNG,EAP,2010,6.442972,5.163737,8.012342
Paraguay,PRY,LAC,1990,0.2072599,0.0996481,0.4305828
Paraguay,PRY,LAC,1998,0.3694259,0.1966989,0.6927768
Paraguay,PRY,LAC,2012,0.4227136,0.2108726,0.8455653
Paraguay,PRY,LAC,2016,0.3597144,0.1947035,0.6636422
Peru,PER,LAC,1991,0.5916799,0.4394841,0.7961605
Peru,PER,LAC,1996,0.732174,0.5783386,0.9265474
Peru,PER,LAC,2000,0.4202149,0.3103274,0.5687917
Peru,PER,LAC,2005,0.1120955,0.0225803,0.5545079
Peru,PER,LAC,2007,0.1752042,0.099677,0.3077837
Peru,PER,LAC,2009,0.2371703,0.1431219,0.3927769
Peru,PER,LAC,2010,0.1390612,0.0629202,0.3070585
Peru,PER,LAC,2011,0.0668721,0.0339835,0.1315477
Peru,PER,LAC,2012,0.1031349,0.05619,0.1892265
Peru,PER,LAC,2013,0.1975446,0.0939503,0.4148929
Peru,PER,LAC,2014,0.0909103,0.0449376,0.1838283
Peru,PER,LAC,2015,0.1053718,0.064694,0.171583
Peru,PER,LAC,2016,0.142009,0.0886202,0.2274886
Peru,PER,LAC,2017,0.0947166,0.0521042,0.1721186
Peru,PER,LAC,2018,0.0800801,0.046043,0.1392438
Peru,PER,LAC,2019,0.0720771,0.0402473,0.1290474
Philippines,PHL,EAP,2008,1.665377,1.469611,1.886721
Philippines,PHL,EAP,2011,1.994629,1.774792,2.241076
Philippines,PHL,EAP,2013,2.35203,2.080793,2.657664
Philippines,PHL,EAP,2015,1.571001,1.364751,1.80785
Poland,POL,WE,2011,0.0311915,0.004389,0.2213087
Portugal,PRT,WE,2016,0.1117627,0.0252724,0.492791
Republic of Moldova,MDA,EECA,2005,2.388339,1.707612,3.331234
Republic of Moldova,MDA,EECA,2012,0.4517443,0.1729579,1.174612
Rwanda,RWA,ESA,1992,1.817029,1.363775,2.417233
Rwanda,RWA,ESA,2000,3.815239,3.239697,4.488285
Rwanda,RWA,ESA,2005,1.667238,1.280206,2.168708
Rwanda,RWA,ESA,2010,0.9025484,0.6629711,1.227632
Rwanda,RWA,ESA,2012,0.5311393,0.3405534,0.827498
Rwanda,RWA,ESA,2015,0.695412,0.4803867,1.005712
Rwanda,RWA,ESA,2015,0.433125,0.2521231,0.7431018
Rwanda,RWA,ESA,2018,0.3391329,0.1929876,0.5952907
Saint Lucia,LCA,LAC,2012,0.665707,0.1426123,3.048903
Samoa,WSM,EAP,2014,1.342659,0.9697336,1.856311
Sao Tome and Principe,STP,WCA,2014,0.7754084,0.4631176,1.295544
Sao Tome and Principe,STP,WCA,2019,1.372384,0.921481,2.039382
Senegal,SEN,WCA,1993,3.03764,2.532002,3.640483
Senegal,SEN,WCA,2000,2.900647,2.449831,3.431504
Senegal,SEN,WCA,2005,2.276833,1.663665,3.108848
Senegal,SEN,WCA,2011,2.312858,1.821356,2.933032
Senegal,SEN,WCA,2012,1.202965,1.056011,1.370086
Senegal,SEN,WCA,2013,1.93253,1.559993,2.39187
Senegal,SEN,WCA,2014,0.745267,0.5352415,1.036846
Senegal,SEN,WCA,2015,1.474301,1.144398,1.89748
Senegal,SEN,WCA,2016,1.235471,0.9157108,1.665013
Senegal,SEN,WCA,2017,1.464569,1.222893,1.753159
Senegal,SEN,WCA,2018,1.218818,0.9396344,1.57963
Senegal,SEN,WCA,2019,2.163099,1.80022,2.597189
Senegal,SEN,WCA,2019,1.212578,0.9148507,1.605627
Serbia,SRB,EECA,2005,1.799538,1.255515,2.573147
Serbia,SRB,EECA,2010,0.7718794,0.4655243,1.277255
Serbia,SRB,EECA,2014,1.08893,0.6480637,1.824203
Serbia,SRB,EECA,2019,0.5197515,0.2550453,1.056282
Sierra Leone,SLE,WCA,2000,3.922525,3.112636,4.932415
Sierra Leone,SLE,WCA,2005,4.237589,3.632884,4.937792
Sierra Leone,SLE,WCA,2010,1.617518,1.38987,1.881741
Sierra Leone,SLE,WCA,2014,0.9756542,0.7958798,1.195547
Sierra Leone,SLE,WCA,2017,2.272639,1.897454,2.719952
Sierra Leone,SLE,WCA,2017,0.9539869,0.7358149,1.236042
Sierra Leone,SLE,WCA,2019,1.066002,0.7776433,1.459715
Solomon Islands,SLB,EAP,2015,3.624105,2.889091,4.537379
Somalia,SOM,ESA,2006,4.364718,3.803429,5.004531
Somalia,SOM,ESA,2009,4.333719,3.1644,5.908762
South Africa,ZAF,ESA,2008,2.372569,1.515755,3.695541
South Africa,ZAF,ESA,2015,1.340817,0.7901819,2.266394
South Africa,ZAF,ESA,2016,0.5576726,0.2992879,1.036809
South Africa,ZAF,ESA,2017,1.711266,0.9715996,2.996991
South Sudan,SSD,ESA,2010,9.922865,8.752148,11.23091
Sri Lanka,LKA,SA,1993,2.726558,2.103388,3.5277
Sri Lanka,LKA,SA,2000,2.163812,1.554896,3.00391
Sri Lanka,LKA,SA,2007,3.059388,2.622577,3.566288
Sri Lanka,LKA,SA,2012,3.039014,2.631858,3.506891
Sri Lanka,LKA,SA,2016,3.056448,2.675644,3.489505
State of Palestine,PSE,MENA,1996,0.8807588,0.6419997,1.207233
State of Palestine,PSE,MENA,2000,0.6729355,0.4878494,0.9275875
State of Palestine,PSE,MENA,2004,1.438213,1.124004,1.838626
State of Palestine,PSE,MENA,2006,0.6981888,0.5427901,0.8976759
State of Palestine,PSE,MENA,2010,1.033228,0.8056523,1.32423
State of Palestine,PSE,MENA,2014,0.3240246,0.2182891,0.4807297
State of Palestine,PSE,MENA,2020,0.6363944,0.4410495,0.917462
Sudan,SDN,ESA,2010,4.080146,3.625678,4.588868
Sudan,SDN,ESA,2014,4.475429,3.999609,5.004905
Suriname,SUR,LAC,2000,1.952373,1.13241,3.345965
Suriname,SUR,LAC,2006,1.010305,0.6493688,1.568693
Suriname,SUR,LAC,2010,0.8411477,0.517401,1.364689
Suriname,SUR,LAC,2018,1.03493,0.6100678,1.750462
Syrian Arab Republic,SYR,MENA,1993,4.515968,3.78109,5.385679
Syrian Arab Republic,SYR,MENA,2001,5.338632,4.480091,6.35076
Syrian Arab Republic,SYR,MENA,2006,4.828163,4.289291,5.430892
Syrian Arab Republic,SYR,MENA,2010,5.482961,4.959388,6.058287
Tajikistan,TJK,EECA,2005,3.527831,2.842057,4.371634
Tajikistan,TJK,EECA,2007,2.961629,2.27982,3.83933
Tajikistan,TJK,EECA,2009,1.278441,0.8086848,2.015529
Tajikistan,TJK,EECA,2012,4.072248,3.445218,4.807716
Tajikistan,TJK,EECA,2016,1.219122,0.8476264,1.750563
Tajikistan,TJK,EECA,2017,1.825093,1.411906,2.356307
Thailand,THA,EAP,2006,1.353103,1.075284,1.701466
Thailand,THA,EAP,2012,2.239975,1.753576,2.857366
Thailand,THA,EAP,2016,1.418159,0.9528327,2.105902
Thailand,THA,EAP,2019,2.68766,2.005326,3.59365
Timor-Leste,TLS,EAP,2007,4.465331,3.325354,5.971964
Timor-Leste,TLS,EAP,2009,7.580894,6.827071,8.410437
Timor-Leste,TLS,EAP,2013,2.13929,1.651293,2.767444
Togo,TGO,WCA,2008,0.7,0.3,1.1
Togo,TGO,WCA,2009,0.9739006,0.6643659,1.425581
Togo,TGO,WCA,2010,0.9655786,0.6928266,1.344254
Togo,TGO,WCA,2010,0.8057727,0.5256063,1.233425
Togo,TGO,WCA,2012,0.6922539,0.4416862,1.083421
Togo,TGO,WCA,2014,1.472863,1.078487,2.008524
Togo,TGO,WCA,2017,1.096294,0.7650071,1.568777
Tonga,TON,EAP,2019,0.3771184,0.1669184,0.8497695
Trinidad and Tobago,TTO,LAC,2000,0.9126467,0.5035785,1.648504
Trinidad and Tobago,TTO,LAC,2011,2.08017,1.233491,3.487496
Tunisia,TUN,MENA,2012,1.662344,1.14525,2.407228
Tunisia,TUN,MENA,2018,0.9492136,0.6538815,1.376088
Turkey,TUR,EECA,1993,1.046967,0.7893007,1.387573
Turkey,TUR,EECA,1998,0.8224082,0.5500267,1.228012
Turkey,TUR,EECA,2004,0.3958806,0.1951093,0.80159
Turkey,TUR,EECA,2008,0.3249953,0.1542985,0.6832379
Turkey,TUR,EECA,2013,0.4586472,0.2387186,0.8794071
Turkey,TUR,EECA,2018,0.6469274,0.3314559,1.258864
Turkmenistan,TKM,EECA,2006,2.13078,1.400151,3.230178
Turkmenistan,TKM,EECA,2015,1.124198,0.7820975,1.613505
Turkmenistan,TKM,EECA,2019,1.079772,0.7392858,1.574585
Uganda,UGA,ESA,1988,0.8870403,0.5690516,1.380256
Uganda,UGA,ESA,2000,1.518304,1.162517,1.980797
Uganda,UGA,ESA,2006,2.170745,1.577957,2.979484
Uganda,UGA,ESA,2009,1.403546,0.9495793,2.070006
Uganda,UGA,ESA,2011,1.45955,0.975379,2.178772
Uganda,UGA,ESA,2012,0.3216968,0.164216,0.6292472
Uganda,UGA,ESA,2014,0.9369087,0.5536379,1.581291
Uganda,UGA,ESA,2016,1.306514,1.01304,1.683561
Ukraine,UKR,EECA,2000,3.766234,3.208675,4.416256
United Republic of Tanzania,TZA,ESA,1991,2.815027,2.32991,3.397636
United Republic of Tanzania,TZA,ESA,1996,2.94439,2.493534,3.473861
United Republic of Tanzania,TZA,ESA,1999,2.032975,1.429428,2.883903
United Republic of Tanzania,TZA,ESA,2004,1.020648,0.7843096,1.32725
United Republic of Tanzania,TZA,ESA,2009,0.7995409,0.5048444,1.264077
United Republic of Tanzania,TZA,ESA,2010,1.320105,1.060796,1.641749
United Republic of Tanzania,TZA,ESA,2011,1.678862,1.224938,2.297083
United Republic of Tanzania,TZA,ESA,2013,1.499147,1.083212,2.07145
United Republic of Tanzania,TZA,ESA,2014,0.9,0.8,1.1
United Republic of Tanzania,TZA,ESA,2015,1.206357,0.9877514,1.472624
United Republic of Tanzania,TZA,ESA,2018,0.4,0.3,0.5
Uruguay,URY,LAC,2013,0.2855801,0.1481201,0.5499047
Uruguay,URY,LAC,2016,0.2345674,0.0813867,0.6741093
Uruguay,URY,LAC,2018,0.2469101,0.1227509,0.4960294
Uzbekistan,UZB,EECA,2002,3.872715,2.954135,5.062024
Uzbekistan,UZB,EECA,2006,1.608224,1.212824,2.129752
Uzbekistan,UZB,EECA,2017,0.3378248,0.1498928,0.759589
Vanuatu,VUT,EAP,2008,1.918829,1.275376,2.877454
Vanuatu,VUT,EAP,2013,1.478339,0.879944,2.473511
Viet Nam,VNM,EAP,1993,1.336705,0.9697933,1.839856
Viet Nam,VNM,EAP,2000,0.9913589,0.6123275,1.601231
Viet Nam,VNM,EAP,2009,3.8,2.9,4.7
Viet Nam,VNM,EAP,2010,1.190341,0.8384739,1.687357
Yemen,YEM,MENA,1991,5.357376,4.451998,6.434477
Yemen,YEM,MENA,1997,6.753664,6.094828,7.478045
Yemen,YEM,MENA,2003,6.398355,5.765968,7.094878
Yemen,YEM,MENA,2005,4.419009,3.87398,5.036701
Yemen,YEM,MENA,2013,5.362152,4.817153,5.964945
Zambia,ZMB,ESA,1992,2.223374,1.816056,2.719519
Zambia,ZMB,ESA,1996,1.688916,1.37999,2.065551
Zambia,ZMB,ESA,1999,1.764299,1.301807,2.387124
Zambia,ZMB,ESA,2002,2.334575,1.951195,2.79114
Zambia,ZMB,ESA,2007,2.330896,1.96624,2.761275
Zambia,ZMB,ESA,2013,2.465124,2.105445,2.884437
Zambia,ZMB,ESA,2018,1.516699,1.218639,1.886267
Zimbabwe,ZWE,ESA,1988,0.4066693,0.221206,0.7464654
Zimbabwe,ZWE,ESA,1999,4.10978,3.445631,4.895454
Zimbabwe,ZWE,ESA,2005,2.873698,2.39383,3.446364
Zimbabwe,ZWE,ESA,2009,0.4968133,0.3240051,0.761085
Zimbabwe,ZWE,ESA,2010,0.8486701,0.6277183,1.146498
Zimbabwe,ZWE,ESA,2014,0.7216039,0.5546896,0.9382715
Zimbabwe,ZWE,ESA,2015,1.122153,0.8449475,1.488937
Zimbabwe,ZWE,ESA,2019,0.3279505,0.2044193,0.5257388
